International_data,,,,,,,,,,,,,,,,,,,,,,,,,,,
http://www.eia.gov/beta/international/data/browser/#?ord=CR&cy=2014&v=H&vo=0&so=0&io=0&start=1980&end=2014&vs=INTL.44-1-AFRC-QBTU.A~INTL.44-1-ASOC-QBTU.A~INTL.44-1-CSAM-QBTU.A~INTL.44-1-EURA-QBTU.A~INTL.44-1-EURO-QBTU.A~INTL.44-1-MIDE-QBTU.A~INTL.44-1-NOAM-QBTU.A~INTL.44-1-WORL-QBTU.A&c=4100000002000060000000000000g000200000000000000001&pa=rjugfvg000000000000000000000000000vg018001&f=A&ug=g&ct=1&tl_type=a&tl_id=1-A,,,,,,,,,,,,,,,,,,,,,,,,,,,
Wed Apr 20 2016 08:13:38 GMT-0400 (EDT),,,,,,,,,,,,,,,,,,,,,,,,,,,
Source: U.S. Energy Information Administration,,,,,,,,,,,,,,,,,,,,,,,,,,,
,,,1990,1991,1992,1993,1994,1995,1996,1997,1998,1999,2000,2001,2002,2003,2004,2005,2006,2007,2008,2009,2010,2011,2012,2013,2014
,Production (annual),,,,,,,,,,,,,,,,,,,,,,,,,,
,Africa,,,,,,,,,,,,,,,,,,,,,,,,,,
,Primary Energy,Quad Btu,21.63,22.5,22.663,22.734,22.823,24.002,24.612,26.025,26.247,26.647,27.659,27.882,28.053,29.934,31.866,34.336,34.829,35.675,36.685,35.97,37.066,33.847,36.096,33.942,
,Biofuels,1000 bbl/d,,,,,,,,,,,0.2,0.2,0.2,0.2,0.2,0.2,0.3,0.2,0.3,0.4,0.9,0.7,0.6,,
,Fuel Ethanol,1000 bbl/d,0.8,0.8,0.8,0.2,0.2,0.2,0.2,0.3,0.3,0.2,0.2,0.2,0.2,0.2,0.2,0.2,0.3,0.2,0.3,0.4,0.8,0.6,0.6,,
,Biodiesel,1000 bbl/d,,,,,,,,,,,,,,,,,,,,,0.1,0.1,,,
,Coal,,,,,,,,,,,,,,,,,,,,,,,,,,
,Total Primary Coal,1000 ST,201057,205516,201457,215869,223828,234976,234476,249226,252685,253896,254048,253252,249561,269220,274259,276262,275770,278580,282794,280999,288879,284618,295930,295864,
,Anthracite,1000 ST,,,,,,,,,,,,,,,,,,,,,,,,3198,
,Metallurgical Coal,1000 ST,,,,,,,,,,,,,,,,,,,,,,,,5638,
,Bituminous,1000 ST,,,,,,,,,,,,,,,,,,,,,,,,286946,
,Subbituminous,1000 ST,,,,,,,,,,,,,,,,,,,,,,,,77,
,Lignite,1000 ST,,,,,,,,,,,,,,,,,,,,,,,,5,
,Secondary Coal,1000 ST,6736,6811,5987,6395,6241,5967,5722,5701,5359,4767,4894,4570,4773,4721,4995,4934,5225,4933,4314,3526,3890,3506,3443,,
,Metallurgical Coke,1000 ST,6736,6811,5987,6395,6241,5967,5722,5701,5359,4767,4894,4570,4773,4721,4995,4934,5225,4933,4314,3526,3890,3506,3443,NA,
,Petroleum,,,,,,,,,,,,,,,,,,,,,,,,,,
,Total Petroleum and Other Liquids,1000 bbl/d,6718,6957,7072,7038,7039,7317,7523,7815,7788,7732,7990,8028,8136,8606,9321,10089,10195,10485,10574,10425,10669,9268,9918,9296,8707
,"Crude Oil, NGPL, and Other Liquids",1000 bbl/d,6722,6961,7070,7035,7035,7311,7518,7807,7778,7723,7984,8022,8125,8598,9310,10076,10180,10473,10559,10408,10655,9253,9904,9282,8693
,Crude Oil including Lease Condensate,1000 bbl/d,6437,6661,6742,6643,6649,6914,7097,7350,7320,7247,7461,7481,7557,8048,8760,9456,9413,9696,9818,9588,9793,8515,9038,8500,7940
,NGPL,1000 bbl/d,215,230,201,219,214,216,232,267,283,324,337,373,392,390,388,459,607,616,581,659,701,576,685,601,592
,Other Liquids,1000 bbl/d,70,70,127,172,172,181,189,190,175,152,160,168,176,160,161,165,165,165,165,166,166,166,166,166,146
,Refinery Processing Gain,1000 bbl/d,-4,-3.9,2,2.9,3.8,6.1,4.7,7.8,11,8.5,5.3,6.5,11,7.8,12,13,15,13,15,17,14,15,14,14,14
,Refined Petroleum Products,1000 bbl/d,2306,2314,2319,2369,2397,2575,2577,2581,2544,2622,2454,2619,2669,2709,2742,3008,2766,2540,2513,2523,2567,2271,2299,NA,
,Motor Gasoline,1000 bbl/d,385,394,449,513,507,551,549,559,527,532,443,478,489,480,462,506,466,457,483,456,409,415,394,NA,
,Jet Fuel,1000 bbl/d,92,90,103,99,118,120,134,135,139,151,156,160,169,176,172,180,173,181,174,174,191,156,160,NA,
,Kerosene,1000 bbl/d,131,134,128,138,124,128,135,124,114,108,105,117,94,80,79,90,72,69,67,48,39,35,37,NA,
,Distillate Fuel Oil,1000 bbl/d,597,613,611,609,621,671,669,690,689,704,654,701,715,743,731,810,774,723,769,800,779,690,683,NA,
,Residual Fuel Oil,1000 bbl/d,677,685,656,680,676,703,714,686,655,714,652,684,660,689,656,713,666,610,598,568,583,518,525,NA,
,Liquefied Petroleum Gases,1000 bbl/d,67,73,78,77,80,88,80,76,94,102,74,80,85,86,85,90,141,84,82,79,84,69,67,NA,
,Other Products,1000 bbl/d,356,325,296,254,272,314,295,311,327,310,370,400,457,455,556,620,475,415,339,398,482,387,432,NA,
,Natural Gas,,,,,,,,,,,,,,,,,,,,,,,,,,
,Gross Natural Gas,Bcf,6671,6772,6853,7315,7323,7627,7858,8216,8252,8239,8990,9278,9392,9910,10426,12012,12968,13566,14390,13658,14075,13384,13798,13517,
,Vented and Flared Natural Gas,Bcf,1353,1327,1335,1526,1572,1637,1670,1523,1465,1369,1291,1266,1241,1272,1296,1528,1512,1564,1483,1323,1352,1267,1152,1050,
,Reinjected Natural Gas,Bcf,2548,2459,2473,2719,2768,2718,2655,2814,2734,2486,2820,2959,3007,2960,3214,3607,3973,4139,4290,4270,4169,3954,3933,4001,
,Marketed Natural Gas,Bcf,2770,2986,3045,3070,2983,3273,3533,3880,4053,4383,4879,5053,5143,5677,5916,6877,7482,7862,8617,8065,8553,8162,8713,8467,
,Dry Natural Gas,Bcf,2459,2686,2772,2805,2722,3006,3225,3517,3699,4016,4438,4626,4681,5105,5325,6181,6532,6749,7390,7111,7371,7124,7673,7328,3373
,Asia & Oceania,,,,,,,,,,,,,,,,,,,,,,,,,,
,Primary Energy,Quad Btu,59.045,60.946,62.382,64.487,67.634,72.422,75.232,75.993,76.487,77.183,81.72,85.076,88.533,95.429,105.024,113.95,120.196,127.625,132.031,137.914,150.762,159.498,161.92,158.897,
,Biofuels,1000 bbl/d,,,,,,,,,,,2.9,3.1,8.3,17,21,29,45,50,75,94,101,133,149,,
,Fuel Ethanol,1000 bbl/d,,,,,,,,,,,2.9,3,8.2,17,21,26,37,39,48,53,53,62,63,,
,Biodiesel,1000 bbl/d,,,,,,,,,,,,0.1,0.1,0.1,0.3,2.2,8.4,11,27,42,49,72,86,,
,Coal,,,,,,,,,,,,,,,,,,,,,,,,,,
,Total Primary Coal,1000 ST,1774239,1820191,1878732,1927389,2022474,2140288,2256867,2251326,2244789,2239769,2393109,2536691,2710262,3066619,3493460,3879320,4125170,4459798,4613103,4855730,5293066,5830344,6004623,6191752,
,Anthracite,1000 ST,,,,,,,,,,,,,,,,,,,,,,,,711955,
,Metallurgical Coal,1000 ST,,,,,,,,,,,,,,,,,,,,,,,,878268,
,Bituminous,1000 ST,,,,,,,,,,,,,,,,,,,,,,,,3740751,
,Subbituminous,1000 ST,,,,,,,,,,,,,,,,,,,,,,,,282049,
,Lignite,1000 ST,,,,,,,,,,,,,,,,,,,,,,,,578728,
,Secondary Coal,1000 ST,171896,172470,173065,187990,191200,231481,232403,235060,223824,211931,215607,231519,237247,275301,304899,371092,407105,429242,442877,457102,493313,542335,545643,,
,Metallurgical Coke,1000 ST,171896,172470,173065,187990,191200,231481,232403,235060,223824,211931,215607,231519,237247,275301,304899,371092,407105,429242,442877,457102,493313,542335,545643,NA,
,Petroleum,,,,,,,,,,,,,,,,,,,,,,,,,,
,Total Petroleum and Other Liquids,1000 bbl/d,6736,6936,6914,7015,7198,7501,7741,7947,8042,8073,8316,8290,8321,8250,8337,8538,8560,8537,8703,8768,9179,9048,9152,9199,9258
,"Crude Oil, NGPL, and Other Liquids",1000 bbl/d,6675,6863,6838,6919,7093,7327,7525,7717,7781,7776,7984,7914,7942,7863,7906,8085,8077,8039,8172,8164,8542,8386,8441,8448,8502
,Crude Oil including Lease Condensate,1000 bbl/d,6468,6660,6615,6680,6822,7043,7205,7322,7324,7319,7538,7454,7445,7331,7431,7537,7533,7497,7613,7577,7907,7716,7739,7659,7656
,NGPL,1000 bbl/d,181,181,208,221,246,261,221,237,345,434,319,430,384,488,435,510,483,479,474,363,505,502,501,565,597
,Other Liquids,1000 bbl/d,15,12,15,17,25,23,18,22,22,23,29,30,33,43,33,38,55,62,86,114,128,162,197,218,245
,Refinery Processing Gain,1000 bbl/d,62,72,76,96,105,174,216,231,261,297,332,376,379,387,432,453,483,498,530,604,637,662,712,751,756
,Refined Petroleum Products,1000 bbl/d,11446,12311,13279,13945,14612,15353,16248,17390,17176,17795,18971,19409,19339,19803,21375,22239,22150,22687,22739,24390,25209,25873,26972,NA,
,Motor Gasoline,1000 bbl/d,2116,2213,2373,2605,2631,2767,2978,3124,3171,3299,3465,3573,3607,3762,3934,4015,4054,4201,4303,4884,5030,5109,5500,NA,
,Jet Fuel,1000 bbl/d,578,581,600,601,679,770,782,874,931,928,986,1026,1030,1025,1203,1302,1378,1501,1584,1580,1615,1693,1760,NA,
,Kerosene,1000 bbl/d,790,834,906,949,922,999,1066,1067,1013,1116,1210,1169,1126,1174,1071,1093,1029,763,866,854,871,826,802,NA,
,Distillate Fuel Oil,1000 bbl/d,3131,3393,3717,3977,4139,4432,4761,4986,4895,5404,5765,5961,5798,6035,6540,6900,7014,7334,7716,7842,8221,8561,9177,NA,
,Residual Fuel Oil,1000 bbl/d,2816,2924,3153,3201,3272,3288,3209,3356,3173,2985,2963,2786,2754,2906,2904,2988,2819,2686,2362,2382,2143,2050,1974,NA,
,Liquefied Petroleum Gases,1000 bbl/d,388,428,484,513,559,672,725,743,791,781,893,1003,982,1096,1182,1200,1270,1296,1301,1366,1351,1321,1323,NA,
,Other Products,1000 bbl/d,1627,1936,2048,2098,2411,2425,2727,3240,3202,3282,3689,3889,4041,3806,4542,4742,4586,4906,4608,5483,5979,6313,6437,NA,
,Natural Gas,,,,,,,,,,,,,,,,,,,,,,,,,,
,Gross Natural Gas,Bcf,6792,7074,7410,7758,8304,8754,9473,9764,9805,10247,10767,10992,12243,13142,13436,14168,14525,15185,15792,16665,18546,18640,18891,19456,
,Vented and Flared Natural Gas,Bcf,482,422,450,354,281,287,287,282,288,290,278,226,262,310,287,282,245,218,247,317,319,309,289,359,
,Reinjected Natural Gas,Bcf,590,476,442,521,590,625,633,618,565,310,338,470,1000,1028,998,979,714,513,530,536,542,513,516,492,
,Marketed Natural Gas,Bcf,5721,6175,6518,6868,7432,7843,8553,8864,8951,9646,10151,10296,10981,11804,12152,12907,13565,14454,15014,15811,17685,17818,18086,18604,
,Dry Natural Gas,Bcf,5566,5998,6320,6699,7242,7640,7638,8635,8704,9292,9582,9600,10291,10886,11255,11966,12895,13913,14503,15289,17072,17197,15914,17867,7991
,Central & South America,,,,,,,,,,,,,,,,,,,,,,,,,,
,Primary Energy,Quad Btu,16.727,17.586,17.877,18.8,19.792,21.12,22.483,24.125,24.781,24.499,26.031,25.992,25.309,25.651,27.095,28.073,29.038,29.101,29.775,29.964,30.737,32.36,32.327,32.14,
,Biofuels,1000 bbl/d,,,,,,,,,,,185,199,221,254,257,285,330,426,533,534,588,519,532,,
,Fuel Ethanol,1000 bbl/d,205,222,204,197,218,221,244,268,244,225,185,199,221,254,257,284,328,415,498,477,503,416,430,,
,Biodiesel,1000 bbl/d,,,,,,,,,,,0.1,0.2,0.4,0.4,0.5,0.5,2.2,11,36,57,85,103,104,,
,Coal,,,,,,,,,,,,,,,,,,,,,,,,,,
,Total Primary Coal,1000 ST,34382,33384,34660,35253,38064,40994,44718,50474,54616,52593,60940,66115,60360,70647,75068,82326,90359,92313,95896,91902,92442,104395,110664,108079,
,Anthracite,1000 ST,,,,,,,,,,,,,,,,,,,,,,,,100,
,Metallurgical Coal,1000 ST,,,,,,,,,,,,,,,,,,,,,,,,4673,
,Bituminous,1000 ST,,,,,,,,,,,,,,,,,,,,,,,,95715,
,Subbituminous,1000 ST,,,,,,,,,,,,,,,,,,,,,,,,4357,
,Lignite,1000 ST,,,,,,,,,,,,,,,,,,,,,,,,3235,
,Secondary Coal,1000 ST,10279,10891,10669,11267,11067,11058,11300,11005,10980,10211,10931,10778,10427,10287,10964,11067,10712,11669,11596,10805,14112,14869,14390,,
,Metallurgical Coke,1000 ST,10279,10891,10669,11267,11067,11058,11300,11005,10980,10211,10931,10778,10427,10287,10964,11067,10712,11669,11596,10805,14112,14869,14390,NA,
,Petroleum,,,,,,,,,,,,,,,,,,,,,,,,,,
,Total Petroleum and Other Liquids,1000 bbl/d,4703,4953,5047,5296,5673,6121,6526,7021,7117,7004,7313,7218,6928,6685,7026,7243,7296,7271,7510,7726,7892,8064,8004,8120,8408
,"Crude Oil, NGPL, and Other Liquids",1000 bbl/d,4651,4905,4987,5220,5581,6039,6434,6923,7012,6897,7197,7112,6818,6564,6899,7115,7166,7150,7400,7609,7765,7940,7884,8008,8296
,Crude Oil including Lease Condensate,1000 bbl/d,4318,4535,4621,4817,5059,5481,5848,6326,6435,6293,6598,6475,6157,5911,6169,6315,6355,6293,6398,6576,6658,6889,6839,6870,7119
,NGPL,1000 bbl/d,189,197,203,240,262,268,273,255,263,291,303,333,339,333,373,440,417,433,476,501,524,530,511,532,529
,Other Liquids,1000 bbl/d,142,171,162,163,261,290,313,342,313,314,295,305,322,320,358,360,394,424,527,532,583,521,534,606,645
,Refinery Processing Gain,1000 bbl/d,52,48,60,76,91,82,92,98,105,107,116,106,111,120,127,128,130,121,110,117,127,125,120,112,112
,Refined Petroleum Products,1000 bbl/d,4732,4759,4879,5046,5150,5153,5367,5557,5618,5710,5967,6231,6044,5946,6248,6390,6338,6142,6115,6265,6312,6340,6040,NA,
,Motor Gasoline,1000 bbl/d,953,934,1056,1221,1298,1233,1346,1406,1434,1374,1587,1398,1305,1286,1353,1470,1371,1361,1341,1361,1278,1296,1190,NA,
,Jet Fuel,1000 bbl/d,188,205,199,201,224,211,249,255,227,250,380,354,347,325,353,370,373,315,315,328,317,322,294,NA,
,Kerosene,1000 bbl/d,132,128,136,123,122,123,121,119,116,112,49,47,42,40,31,31,23,21,20,20,19,14,14,NA,
,Distillate Fuel Oil,1000 bbl/d,1183,1237,1276,1290,1342,1310,1359,1408,1466,1501,1660,1668,1608,1664,1822,1847,1833,1718,1768,1774,1700,1761,1711,NA,
,Residual Fuel Oil,1000 bbl/d,1164,1186,1185,1139,1095,1123,1146,1143,1144,1118,1194,1286,1192,1105,1149,1185,1214,1092,1170,1159,1051,1061,1018,NA,
,Liquefied Petroleum Gases,1000 bbl/d,207,202,216,218,229,227,221,224,239,331,259,346,361,358,378,350,318,255,233,281,268,268,271,NA,
,Other Products,1000 bbl/d,904,868,809,854,840,926,925,1004,992,1023,837,1133,1189,1167,1162,1138,1205,1401,1268,1342,1680,1617,1542,NA,
,Natural Gas,,,,,,,,,,,,,,,,,,,,,,,,,,
,Gross Natural Gas,Bcf,3422,3496,3540,3599,3781,4074,4597,5024,5223,5344,5678,5910,6073,6223,6758,7046,7159,7992,8554,8742,8860,9018,9196,9349,
,Vented and Flared Natural Gas,Bcf,428,384,415,392,407,409,563,525,433,404,406,375,394,278,283,473,311,455,527,551,438,471,570,657,
,Reinjected Natural Gas,Bcf,701,713,728,662,681,797,955,1186,1242,1339,1344,1386,1546,1403,1454,1378,1314,1739,2053,2336,2155,2065,1927,1802,
,Marketed Natural Gas,Bcf,2288,2399,2420,2545,2693,2868,3079,3313,3548,3601,3927,4149,4134,4542,5022,5317,5528,5798,5974,5855,6267,6481,6700,6889,
,Dry Natural Gas,Bcf,2014,2152,2137,2301,2440,2581,2761,2922,3120,3148,3430,3655,3670,4069,4541,4673,5056,4997,5199,4971,5333,5651,5801,5945,805
,Eurasia,,,,,,,,,,,,,,,,,,,,,,,,,,
,Primary Energy,Quad Btu,72.111,66.438,61.418,57.662,53.11,51.906,50.408,48.802,49.037,51.49,54.035,55.885,57.587,61.21,64.495,66.157,68.047,69.482,70.328,66.558,70.839,73.089,74.323,72.674,
,Biofuels,1000 bbl/d,,,,,,,,,,,,,,,0.3,0.6,0.8,1.3,3.2,5.1,4.4,3.6,3.7,,
,Fuel Ethanol,1000 bbl/d,,,,,,,,,,,,,,,0.2,0.3,0.5,0.6,0.7,1.3,1.2,0.4,0.3,,
,Biodiesel,1000 bbl/d,,,,,,,,,,,,,,,0.1,0.3,0.3,0.7,2.5,3.8,3.2,3.2,3.4,,
,Coal,,,,,,,,,,,,,,,,,,,,,,,,,,
,Total Primary Coal,1000 ST,881836,701655,633621,563307,497870,452106,417329,401386,388468,398173,422400,432118,414875,450522,450722,478352,492261,495826,534024,486222,545422,565295,605814,599830,
,Anthracite,1000 ST,,,,,,,,,,,,,,,,,,,,,,,,32969,
,Metallurgical Coal,1000 ST,,,,,,,,,,,,,,,,,,,,,,,,120171,
,Bituminous,1000 ST,,,,,,,,,,,,,,,,,,,,,,,,339696,
,Subbituminous,1000 ST,,,,,,,,,,,,,,,,,,,,,,,,36,
,Lignite,1000 ST,,,,,,,,,,,,,,,,,,,,,,,,106957,
,Secondary Coal,1000 ST,85713,67465,64853,54030,47846,49766,46287,47737,43936,50293,53301,57050,57983,60558,62794,56661,57966,61500,59905,56760,60180,64368,63858,,
,Metallurgical Coke,1000 ST,85713,67465,64853,54030,47846,49766,46287,47737,43936,50293,53301,57050,57983,60558,62794,56661,57966,61500,59905,56760,60180,64368,63858,NA,
,Petroleum,,,,,,,,,,,,,,,,,,,,,,,,,,
,Total Petroleum and Other Liquids,1000 bbl/d,11301,10313,8789,7868,7253,7142,7044,7214,7263,7640,8185,8774,9429,10424,11347,11766,12214,12688,12639,13025,13366,13493,13608,13782,13905
,"Crude Oil, NGPL, and Other Liquids",1000 bbl/d,11400,10412,8846,7879,7282,7148,7061,7225,7264,7632,8165,8756,9414,10402,11321,11741,12182,12650,12595,12984,13329,13451,13565,13737,13862
,Crude Oil including Lease Condensate,1000 bbl/d,10975,9992,8541,7576,6995,6874,6775,6917,6936,7298,7808,8374,9017,9861,10708,11120,11529,11974,11905,12270,12569,12646,12718,12872,12967
,NGPL,1000 bbl/d,425,420,305,303,278,274,286,300,323,331,351,375,391,503,606,612,645,666,679,699,744,789,831,848,878
,Other Liquids,1000 bbl/d,,,,,,,,7.3,4.4,3,4.7,5.1,5.5,6.1,6.9,7.4,8.1,8.8,10,14,14,15,15,17,17
,Refinery Processing Gain,1000 bbl/d,-99,-99,-57,-12,-29,-6.6,-17,-11,-1.1,7.5,20,18,15,22,26,25,32,38,44,40,37,41,43,45,43
,Refined Petroleum Products,1000 bbl/d,9230,8745,7504,6343,5541,5393,4967,4966,4665,4797,4931,5384,5477,5605,5900,6145,6313,6204,6412,6475,6797,6927,6939,NA,
,Motor Gasoline,1000 bbl/d,1741,1679,1218,993,900,910,868,906,890,873,899,986,988,1003,1069,1127,1178,1192,1209,1211,1224,1236,1251,NA,
,Jet Fuel,1000 bbl/d,550,406,398,327,261,261,249,230,269,247,259,284,271,280,292,302,284,301,310,278,301,327,331,NA,
,Kerosene,1000 bbl/d,127,94,141,124,75,56,33,20,15,22,15,22,9.9,10,11,14,20,32,13,15,12,11,7.8,NA,
,Distillate Fuel Oil,1000 bbl/d,2294,2218,1846,1964,1372,1681,1287,1322,1286,1317,1382,1559,1520,1546,1617,1723,1837,1741,1925,1886,1916,1931,1886,NA,
,Residual Fuel Oil,1000 bbl/d,3194,3122,2382,1804,1847,1634,1675,1630,1483,1437,1370,1479,1550,1519,1569,1670,1667,1608,1605,1672,1758,1753,1759,NA,
,Liquefied Petroleum Gases,1000 bbl/d,202,290,333,251,235,243,225,206,180,218,257,244,340,368,396,416,441,449,466,525,534,549,582,NA,
,Other Products,1000 bbl/d,1123,936,1186,880,852,609,631,653,542,684,749,811,798,878,946,893,885,881,885,889,1054,1119,1122,NA,
,Natural Gas,,,,,,,,,,,,,,,,,,,,,,,,,,
,Gross Natural Gas,Bcf,28987,29047,28600,27526,26081,25550,24582,23249,23664,24063,24825,25049,25838,26901,27987,28697,29404,30143,30722,27273,30018,32256,30862,31665,
,Vented and Flared Natural Gas,Bcf,113,424,793,318,289,283,278,271,288,290,286,283,441,325,667,750,742,798,921,847,745,770,785,683,
,Reinjected Natural Gas,Bcf,92,,,,,,,,,32,32,32,28,343,474,560,624,939,1040,1155,1370,1318,664,739,
,Marketed Natural Gas,Bcf,28782,28623,27807,27208,25792,25267,24304,22979,23377,23741,24507,24734,25368,26234,26846,27386,28039,28405,28761,25271,27903,30168,29413,30243,
,Dry Natural Gas,Bcf,28782,28623,27461,26858,25414,24875,23908,22615,22997,23360,24130,24365,24914,25757,26355,26793,27463,27752,28088,24507,26848,28464,28469,29071,20437
,Europe,,,,,,,,,,,,,,,,,,,,,,,,,,
,Primary Energy,Quad Btu,46.528,46.488,46.41,46.963,48.151,49.212,51.744,51.505,50.462,50.809,50.637,51.267,51.021,50.245,50.303,48.612,47.349,46.333,46.425,44.634,45.283,43.498,43.699,42.063,
,Biofuels,1000 bbl/d,,,,,,,,,,,17,21,29,39,48,77,124,154,197,233,256,254,241,,
,Fuel Ethanol,1000 bbl/d,,,0.1,0.6,0.8,0.8,1.3,1.8,2.1,2,2,2.4,5,6.7,7.7,15,27,31,47,59,72,72,68,,
,Biodiesel,1000 bbl/d,,,,,,,,,,,15,19,24,33,41,62,97,123,150,173,184,181,172,,
,Coal,,,,,,,,,,,,,,,,,,,,,,,,,,
,Total Primary Coal,1000 ST,1288900,1165133,1098493,1032551,969389,967877,957709,937313,882241,828771,831819,840542,831685,827625,815962,801349,793854,803728,796544,761043,736552,776104,773475,706281,
,Anthracite,1000 ST,,,,,,,,,,,,,,,,,,,,,,,,6760,
,Metallurgical Coal,1000 ST,,,,,,,,,,,,,,,,,,,,,,,,23821,
,Bituminous,1000 ST,,,,,,,,,,,,,,,,,,,,,,,,94411,
,Subbituminous,1000 ST,,,,,,,,,,,,,,,,,,,,,,,,37871,
,Lignite,1000 ST,,,,,,,,,,,,,,,,,,,,,,,,543417,
,Secondary Coal,1000 ST,100734,87271,82701,75194,75429,75160,72381,72517,69325,61987,62857,59364,56455,58910,60642,59069,61403,60980,59650,44878,54147,53469,51440,,
,Metallurgical Coke,1000 ST,100734,87271,82701,75194,75429,75160,72381,72517,69325,61987,62857,59364,56455,58910,60642,59069,61403,60980,59650,44878,54147,53469,51440,NA,
,Petroleum,,,,,,,,,,,,,,,,,,,,,,,,,,
,Total Petroleum and Other Liquids,1000 bbl/d,4818,5053,5345,5602,6527,6874,7295,7283,7230,7295,7166,7226,7171,6963,6591,6166,5777,5445,5225,4983,4656,4300,3989,3813,3870
,"Crude Oil, NGPL, and Other Liquids",1000 bbl/d,4594,4820,5098,5340,6232,6569,6980,6964,6910,6966,6835,6893,6827,6604,6233,5800,5411,5093,4869,4620,4294,3934,3627,3444,3501
,Crude Oil including Lease Condensate,1000 bbl/d,4292,4506,4764,4993,5789,6066,6474,6489,6446,6481,6364,6346,6305,6029,5699,5211,4786,4541,4297,4063,3765,3420,3111,2935,2956
,NGPL,1000 bbl/d,256,269,309,324,409,468,464,438,435,419,423,503,467,511,454,475,473,460,454,435,410,387,390,382,407
,Other Liquids,1000 bbl/d,34,26,25,24,34,35,40,36,29,42,48,42,55,64,75,113,150,92,117,122,119,127,127,126,137
,Refinery Processing Gain,1000 bbl/d,225,233,248,262,295,305,315,319,320,329,331,333,344,359,358,366,366,353,356,363,363,366,362,369,369
,Refined Petroleum Products,1000 bbl/d,14900,14676,14953,15134,15401,15484,15748,16086,16484,15745,15975,16023,15951,16297,16522,16607,16515,15868,15664,14751,14527,14350,14116,NA,
,Motor Gasoline,1000 bbl/d,3435,3463,3590,3653,3666,3700,3726,3756,3831,3671,3617,3591,3675,3721,3781,3739,3710,3496,3375,3309,3112,3015,2944,NA,
,Jet Fuel,1000 bbl/d,755,699,726,744,799,832,885,897,905,916,897,851,804,811,834,813,853,870,875,777,776,811,762,NA,
,Kerosene,1000 bbl/d,156,133,127,130,140,131,131,131,132,140,131,126,136,176,221,214,206,189,186,191,210,224,265,NA,
,Distillate Fuel Oil,1000 bbl/d,4550,4668,4798,4959,5119,5067,5288,5389,5567,5313,5475,5552,5537,5697,5687,5871,5843,5852,5967,5639,5580,5566,5596,NA,
,Residual Fuel Oil,1000 bbl/d,2849,2749,2725,2684,2488,2442,2431,2458,2545,2290,2285,2282,2210,2195,2252,2207,2197,2096,1933,1685,1610,1524,1480,NA,
,Liquefied Petroleum Gases,1000 bbl/d,576,574,586,580,625,621,634,649,653,626,656,663,679,701,693,701,696,592,597,562,561,565,554,NA,
,Other Products,1000 bbl/d,2578,2388,2403,2383,2565,2690,2653,2805,2851,2789,2914,2956,2909,2996,3055,3061,3011,2774,2731,2587,2678,2645,2519,NA,
,Natural Gas,,,,,,,,,,,,,,,,,,,,,,,,,,
,Gross Natural Gas,Bcf,8834,10027,9535,10273,10471,10780,12089,11918,11931,12352,12808,13064,13152,13294,13819,13309,12940,12705,12924,12355,12654,11823,11976,11708,
,Vented and Flared Natural Gas,Bcf,31,136,49,128,174,133,139,119,117,181,161,148,146,139,138,138,134,104,99,91,91,89,102,100,
,Reinjected Natural Gas,Bcf,4,628,450,552,652,637,663,960,1081,1225,1470,1413,1210,1307,1495,1449,1406,1537,1397,1362,1404,1517,1499,1473,
,Marketed Natural Gas,Bcf,8800,9263,9037,9593,9645,10010,11287,10838,10733,10946,11177,11468,11795,11847,12187,11723,11400,11064,11428,10902,11159,10217,10375,10135,
,Dry Natural Gas,Bcf,8596,9065,9037,9456,9498,9857,11091,10679,10490,10717,10982,11099,11405,11456,11900,11418,11124,10778,11172,10654,10906,9941,10060,9851,8949
,Middle East,,,,,,,,,,,,,,,,,,,,,,,,,,
,Primary Energy,Quad Btu,40.995,40.298,43.52,45.72,47.284,48.335,49.434,51.723,54.88,53.794,57.483,56.192,54.31,57.788,62.888,66.258,66.287,65.865,69.89,67.9,72.077,76.819,78.12,77.548,
,Biofuels,1000 bbl/d,,,,,,,,,,,,,,,,,,,,,0.1,0.1,0.1,,
,Fuel Ethanol,1000 bbl/d,,,,,,,,,,,,,,,,,,,,,,,,,
,Biodiesel,1000 bbl/d,,,,,,,,,,,,,,,,,,,,,0.1,0.1,0.1,,
,Coal,,,,,,,,,,,,,,,,,,,,,,,,,,
,Total Primary Coal,1000 ST,1213,988,1070,1068,1425,1254,1335,1334,1356,1146,1265,1228,1138,1260,1349,1715,1820,1835,1753,1270,1200,1283,1151,1296,
,Anthracite,1000 ST,,,,,,,,,,,,,,,,,,,,,,,,,
,Metallurgical Coal,1000 ST,,,,,,,,,,,,,,,,,,,,,,,,,
,Bituminous,1000 ST,,,,,,,,,,,,,,,,,,,,,,,,129,
,Subbituminous,1000 ST,,,,,,,,,,,,,,,,,,,,,,,,1167,
,Lignite,1000 ST,,,,,,,,,,,,,,,,,,,,,,,,,
,Secondary Coal,1000 ST,729,1059,938,1082,1076,1025,1035,1080,1259,1292,1270,1207,1260,1107,1125,1043,1033,1052,825,1080,937,761,580,,
,Metallurgical Coke,1000 ST,729,1059,938,1082,1076,1025,1035,1080,1259,1292,1270,1207,1260,1107,1125,1043,1033,1052,825,1080,937,761,580,NA,
,Petroleum,,,,,,,,,,,,,,,,,,,,,,,,,,
,Total Petroleum and Other Liquids,1000 bbl/d,17449,17054,18357,19291,20036,20421,20618,21430,22761,22115,23484,22793,21571,22992,25070,26092,25774,25286,26764,25326,26221,27674,27880,27472,27836
,"Crude Oil, NGPL, and Other Liquids",1000 bbl/d,17487,17071,18384,19318,20042,20412,20609,21429,22757,22111,23476,22781,21567,22976,25038,26055,25742,25259,26741,25288,26205,27653,27863,27456,27820
,Crude Oil including Lease Condensate,1000 bbl/d,16545,16130,17373,18265,18669,18979,19174,19923,21178,20525,21828,20952,19632,20867,22508,23250,22896,22313,23611,22220,23117,24396,24466,24061,24459
,NGPL,1000 bbl/d,942,891,1011,998,1338,1379,1376,1381,1519,1527,1588,1759,1855,2029,2451,2725,2765,2854,3025,2962,2977,3140,3182,3163,3129
,Other Liquids,1000 bbl/d,,,,,35,44,50,55,60,60,60,70,80,80,80,80,81,91,105,105,112,117,215,232,232
,Refinery Processing Gain,1000 bbl/d,-38,-17,-27,-27,-6.7,8.5,9,0.4,4.2,3.1,8.3,12,4,17,32,37,33,27,23,39,15,21,16,16,16
,Refined Petroleum Products,1000 bbl/d,4553,4002,4484,4649,5071,5181,5177,5453,5580,5696,5993,6151,6236,6351,6548,6846,7064,6623,6772,6720,6938,7022,6999,NA,
,Motor Gasoline,1000 bbl/d,634,606,653,681,702,712,720,725,795,786,829,845,864,854,954,996,979,1017,1025,1072,1066,1103,1160,NA,
,Jet Fuel,1000 bbl/d,265,308,214,203,297,390,404,276,284,277,350,308,312,383,405,451,501,431,435,389,464,482,494,NA,
,Kerosene,1000 bbl/d,296,245,259,300,308,309,304,443,327,281,390,446,408,377,364,390,376,372,370,389,385,385,405,NA,
,Distillate Fuel Oil,1000 bbl/d,1295,1157,1272,1317,1539,1506,1489,1528,1564,1609,1616,1746,1780,1763,1881,1894,1937,1893,2026,1953,1990,2033,2010,NA,
,Residual Fuel Oil,1000 bbl/d,1542,1254,1473,1516,1481,1406,1385,1463,1515,1618,1631,1552,1604,1647,1592,1613,1672,1526,1604,1606,1681,1668,1730,NA,
,Liquefied Petroleum Gases,1000 bbl/d,114,133,208,219,294,357,316,287,348,350,295,317,547,446,446,492,331,226,236,298,176,188,181,NA,
,Other Products,1000 bbl/d,407,300,405,412,452,501,559,730,748,775,882,937,721,881,906,1010,1268,1158,1076,1013,1177,1162,1019,NA,
,Natural Gas,,,,,,,,,,,,,,,,,,,,,,,,,,
,Gross Natural Gas,Bcf,5897,7227,7075,7886,8228,9008,9879,9153,9686,10352,11258,11881,12700,13519,14648,15983,17142,18452,19601,20984,23049,24402,25389,25854,
,Vented and Flared Natural Gas,Bcf,503,1502,919,727,738,914,914,563,546,546,534,399,424,589,586,959,1069,1046,1046,1073,1063,1042,1173,1168,
,Reinjected Natural Gas,Bcf,1033,1095,1163,1811,1865,2160,2439,1874,1980,2273,2451,2722,2689,2697,2924,2690,2557,3081,3333,2824,3286,3325,2934,2979,
,Marketed Natural Gas,Bcf,4361,4630,4993,5348,5625,5934,6527,6716,7160,7533,8273,8760,9587,10233,11138,12334,13516,14325,15222,17087,18699,20035,21283,21708,
,Dry Natural Gas,Bcf,3716,3734,4139,4431,4690,4987,5530,6223,6596,6930,7570,7984,8706,9184,9946,11262,11949,12593,13510,14669,16700,18273,19332,19771,4054
,North America,,,,,,,,,,,,,,,,,,,,,,,,,,
,Primary Energy,Quad Btu,91.752,92.284,92.385,91.76,95.214,96.097,98.498,99.045,99.659,98.517,98.836,99.344,98.72,98.302,98.901,98.343,100.032,100.711,101.454,99.642,101.961,105.681,107.013,109.228,
,Biofuels,1000 bbl/d,,,,,,,,,,,110,120,144,188,227,266,340,472,667,769,915,1005,976,,
,Fuel Ethanol,1000 bbl/d,49,57,64,75,84,89,63,84,92,98,110,119,144,187,225,259,323,439,621,733,891,939,909,,
,Biodiesel,1000 bbl/d,,,,,,,,,,,,0.6,0.7,0.9,1.8,6.1,17,34,46,36,25,66,68,,
,Coal,,,,,,,,,,,,,,,,,,,,,,,,,,
,Total Primary Coal,1000 ST,1112041,1081520,1076600,1028779,1123586,1125900,1158829,1188124,1212742,1191708,1162355,1217748,1179703,1150847,1195741,1215935,1248708,1236890,1260086,1157802,1173349,1186981,1106464,1077794,
,Anthracite,1000 ST,,,,,,,,,,,,,,,,,,,,,,,,2143,
,Metallurgical Coal,1000 ST,,,,,,,,,,,,,,,,,,,,,,,,125873,
,Bituminous,1000 ST,,,,,,,,,,,,,,,,,,,,,,,,390010,
,Subbituminous,1000 ST,,,,,,,,,,,,,,,,,,,,,,,,472652,
,Lignite,1000 ST,,,,,,,,,,,,,,,,,,,,,,,,87115,
,Secondary Coal,1000 ST,34331,30510,29741,29353,28936,29736,29184,28188,25933,25968,26696,24730,22433,22873,22764,22570,22187,21884,21283,15500,20456,20850,20561,,
,Metallurgical Coke,1000 ST,34331,30510,29741,29353,28936,29736,29184,28188,25933,25968,26696,24730,22433,22873,22764,22570,22187,21884,21283,15500,20456,20850,20561,NA,
,Petroleum,,,,,,,,,,,,,,,,,,,,,,,,,,
,Total Petroleum and Other Liquids,1000 bbl/d,14709,15073,15028,14992,14912,14928,15239,15510,15480,14981,15271,15343,15545,15687,15710,15205,15318,15418,15099,15450,16116,16685,17915,19331,21216
,"Crude Oil, NGPL, and Other Liquids",1000 bbl/d,13955,14284,14185,14154,14066,14075,14318,14580,14519,14014,14240,14356,14500,14614,14557,14114,14221,14315,14001,14364,14946,15511,16753,18139,20031
,Crude Oil including Lease Condensate,1000 bbl/d,11461,11644,11446,11199,11190,11076,11245,11478,11392,10786,10903,11049,11178,11414,11315,10974,10959,10848,10418,10575,10844,11145,12227,13328,14715
,NGPL,1000 bbl/d,2413,2548,2611,2701,2620,2695,2760,2759,2745,2849,2956,2920,2901,2773,2817,2699,2762,2838,2779,2875,3003,3141,3336,3565,4000
,Other Liquids,1000 bbl/d,80,92,128,254,257,304,313,343,381,378,381,388,422,427,425,442,501,629,804,914,1099,1224,1190,1246,1313
,Refinery Processing Gain,1000 bbl/d,755,788,843,838,846,853,921,930,961,967,1031,987,1046,1073,1153,1091,1097,1103,1098,1085,1170,1174,1162,1191,1185
,Refined Petroleum Products,1000 bbl/d,18386,18347,18424,18909,19016,19162,19581,20022,20321,20246,20494,20631,20708,21033,21423,21321,21468,21522,21559,21303,21832,21932,21852,NA,
,Motor Gasoline,1000 bbl/d,7986,7989,8051,8328,8229,8511,8634,8780,8919,8993,9028,9133,9340,9399,9480,9510,9523,9558,9682,9958,10186,10115,10018,NA,
,Jet Fuel,1000 bbl/d,1631,1574,1533,1564,1593,1561,1665,1707,1682,1725,1757,1678,1655,1638,1708,1703,1629,1601,1645,1537,1553,1575,1609,NA,
,Kerosene,1000 bbl/d,102,102,105,108,123,112,120,115,115,101,97,107,90,89,97,101,81,68,46,47,32,26,12,NA,
,Distillate Fuel Oil,1000 bbl/d,3647,3686,3682,3870,3975,3888,4105,4198,4234,4218,4409,4552,4449,4636,4770,4891,4984,5093,5264,5038,5202,5457,5559,NA,
,Residual Fuel Oil,1000 bbl/d,1525,1486,1426,1396,1364,1314,1264,1259,1340,1240,1239,1289,1186,1196,1182,1129,1102,1128,1051,1030,1029,965,906,NA,
,Liquefied Petroleum Gases,1000 bbl/d,615,658,728,713,745,783,796,798,773,774,787,755,762,755,740,663,711,740,713,705,743,695,703,NA,
,Other Products,1000 bbl/d,2881,2853,2898,2929,2987,2993,2996,3164,3257,3197,3177,3118,3225,3318,3446,3324,3439,3334,3158,2988,3088,3100,3046,NA,
,Natural Gas,,,,,,,,,,,,,,,,,,,,,,,,,,
,Gross Natural Gas,Bcf,27322,27769,28592,29767,31086,31575,32309,32694,32910,32760,33364,33783,33175,33237,33252,32920,33256,34543,35578,35455,36140,37699,38324,38946,
,Vented and Flared Natural Gas,Bcf,233,260,262,364,363,449,518,598,492,402,374,327,291,284,222,253,302,410,720,477,374,396,327,374,
,Reinjected Natural Gas,Bcf,2957,3232,3403,3582,3745,4047,3961,3952,3883,3738,3851,3897,3895,3985,4213,4181,3812,4274,4318,4224,4163,4232,3953,4096,
,Marketed Natural Gas,Bcf,23843,24001,24648,25407,26566,26690,27311,27544,27918,28005,28634,29096,28487,28469,28161,27774,28411,29196,29821,30033,30766,32202,33276,33752,
,Dry Natural Gas,Bcf,22562,22654,23239,23955,25062,25159,25629,25830,26266,26384,26966,27515,26893,26953,26326,25960,26550,27360,27899,27979,28520,29864,30773,31103,32670
,World,,,,,,,,,,,,,,,,,,,,,,,,,,
,Primary Energy,Quad Btu,348.788,346.541,346.656,348.126,354.009,363.093,372.411,377.218,381.552,382.94,396.403,401.638,403.533,418.56,440.572,455.729,465.777,474.791,486.587,482.582,508.726,524.792,533.497,526.492,
,Biofuels,1000 bbl/d,,,,,,,,,,,315,344,403,499,554,657,840,1104,1476,1636,1866,1916,1903,,
,Fuel Ethanol,1000 bbl/d,255,280,269,273,303,311,309,354,338,325,300,324,378,465,511,585,716,925,1215,1323,1521,1490,1471,,
,Biodiesel,1000 bbl/d,,,,,,,,,,,15,20,25,34,44,71,125,179,261,313,346,425,433,,
,Coal,,,,,,,,,,,,,,,,,,,,,,,,,,
,Total Primary Coal,1000 ST,5293668,5008386,4924632,4804214,4876635,4963395,5070043,5079182,5036888,4966039,5125936,5347693,5447584,5836739,6306553,6735231,7027941,7368955,7584183,7634968,8130910,8749022,8898121,8980895,
,Anthracite,1000 ST,,,,,,,,,,,,,,,,,,,,,,,,757125,
,Metallurgical Coal,1000 ST,,,,,,,,,,,,,,,,,,,,,,,,1158443,
,Bituminous,1000 ST,,,,,,,,,,,,,,,,,,,,,,,,4947659,
,Subbituminous,1000 ST,,,,,,,,,,,,,,,,,,,,,,,,798210,
,Lignite,1000 ST,,,,,,,,,,,,,,,,,,,,,,,,1319458,
,Secondary Coal,1000 ST,410419,376476,367954,365311,361795,404193,398312,401288,380617,366450,375556,389219,390577,433756,468183,526436,565632,591259,600451,589651,647034,700159,699915,,
,Metallurgical Coke,1000 ST,410419,376476,367954,365311,361795,404193,398312,401288,380617,366450,375556,389219,390577,433756,468183,526436,565632,591259,600451,589651,647034,700159,699915,NA,
,Petroleum,,,,,,,,,,,,,,,,,,,,,,,,,,
,Total Petroleum and Other Liquids,1000 bbl/d,,,,67101,68637,70305,71986,74220,75681,74838,77725,77672,77101,79606,83402,85099,85135,85130,86515,85703,88099,88532,90466,91014,93201
,"Crude Oil, NGPL, and Other Liquids",1000 bbl/d,,,,65864,67332,68882,70445,72645,74020,73120,75882,75834,75192,77620,81263,82987,82980,82977,84338,83437,85736,86128,88037,88515,90705
,Crude Oil including Lease Condensate,1000 bbl/d,60337,60043,60103,60173,61172,62433,63756,65743,67032,65871,68492,68083,67283,69432,72588,73820,73430,73121,74012,72863,74585,74692,76117,76202,77787
,NGPL,1000 bbl/d,4367,4684,4756,4948,5351,5506,5298,5455,5853,6164,6142,6671,6662,6956,7492,7599,8132,8329,8447,8474,8656,9042,9227,9611,10081
,Other Liquids,1000 bbl/d,,,,630,783,876,922,995,984,971,978,1008,1092,1101,1139,1205,1354,1472,1814,1966,2221,2331,2443,2611,2734
,Refinery Processing Gain,1000 bbl/d,,,,1237,1305,1423,1541,1575,1661,1719,1844,1839,1909,1986,2139,2112,2155,2153,2177,2266,2382,2408,2419,2470,2496
,Refined Petroleum Products,1000 bbl/d,65552,65153,65842,66395,67188,68299,69665,72056,72387,72610,74785,76447,76424,77745,80758,82556,82615,81586,81774,82426,84183,84715,85216,NA,
,Motor Gasoline,1000 bbl/d,,,,,,,,,,,,,,,,,,,,,,,,,
,Jet Fuel,1000 bbl/d,,,,,,,,,,,,,,,,,,,,,,,,,
,Kerosene,1000 bbl/d,,,,,,,,,,,,,,,,,,,,,,,,,
,Distillate Fuel Oil,1000 bbl/d,,,,,,,,,,,,,,,,,,,,,,,,,
,Residual Fuel Oil,1000 bbl/d,,,,,,,,,,,,,,,,,,,,,,,,,
,Liquefied Petroleum Gases,1000 bbl/d,,,,,,,,,,,,,,,,,,,,,,,,,
,Other Products,1000 bbl/d,,,,,,,,,,,,,,,,,,,,,,,,,
,Natural Gas,,,,,,,,,,,,,,,,,,,,,,,,,,
,Gross Natural Gas,Bcf,87925,91413,91604,94124,95273,97369,100786,100017,101471,103356,107690,109958,112573,116226,120327,124135,127393,132585,137561,135133,143342,147222,148436,150495,
,Vented and Flared Natural Gas,Bcf,3142,4455,4222,3810,3824,4111,4369,3880,3629,3481,3331,3024,3199,3197,3479,4384,4315,4595,5045,4679,4383,4345,4398,4392,
,Reinjected Natural Gas,Bcf,7924,8603,8658,9847,10300,10983,11305,11404,11486,11404,12306,12879,13376,13724,14772,14844,14401,16223,16961,16708,17090,16926,15425,15582,
,Marketed Natural Gas,Bcf,76563,78077,78469,80038,80737,81885,84593,84134,85739,87856,91549,93557,95496,98806,101422,104318,107941,111105,114837,113024,121032,125082,127845,129797,
,Dry Natural Gas,Bcf,73671,74892,75101,76497,77063,78097,79556,79799,81865,83832,87093,88823,90558,93344,95646,98250,101568,104142,107653,105177,112743,116113,118021,120916,78277